"date";"reddit";"subs"
"2012-12-18";"options";"30"
"2012-12-16";"options";"30"
"2012-12-15";"options";"30"
"2012-12-14";"options";"30"
"2012-12-12";"options";"30"
"2012-12-11";"options";"29"
"2012-10-30";"options";"27"
"2012-10-31";"options";"27"
"2012-11-01";"options";"27"
"2012-11-02";"options";"28"
"2012-11-03";"options";"28"
"2012-11-04";"options";"27"
"2012-11-05";"options";"27"
"2012-11-06";"options";"27"
"2012-11-07";"options";"27"
"2012-11-08";"options";"27"
"2012-11-09";"options";"27"
"2012-11-10";"options";"27"
"2012-11-11";"options";"27"
"2012-11-12";"options";"27"
"2012-11-14";"options";"27"
"2012-11-15";"options";"27"
"2012-11-16";"options";"27"
"2012-11-17";"options";"27"
"2012-11-18";"options";"27"
"2012-11-20";"options";"27"
"2012-11-21";"options";"27"
"2012-11-22";"options";"27"
"2012-11-23";"options";"27"
"2012-11-24";"options";"27"
"2012-11-25";"options";"27"
"2012-11-26";"options";"27"
"2012-11-28";"options";"27"
"2012-11-29";"options";"27"
"2012-12-04";"options";"28"
"2012-12-06";"options";"28"
"2012-12-07";"options";"29"
"2012-12-08";"options";"29"
"2012-12-09";"options";"29"
"2012-12-10";"options";"29"
"2012-12-19";"options";"30"
"2012-12-20";"options";"30"
"2012-12-22";"options";"30"
"2012-12-23";"options";"30"
"2012-12-24";"options";"30"
"2012-12-26";"options";"30"
"2012-12-29";"options";"30"
"2012-12-30";"options";"30"
"2013-01-01";"options";"31"
"2013-01-06";"options";"31"
"2013-01-07";"options";"31"
"2013-01-08";"options";"34"
"2013-01-09";"options";"34"
"2013-01-12";"options";"36"
"2013-01-13";"options";"36"
"2013-01-14";"options";"36"
"2013-01-15";"options";"36"
"2013-01-16";"options";"36"
"2013-01-17";"options";"36"
"2013-01-18";"options";"36"
"2013-01-19";"options";"36"
"2013-01-21";"options";"36"
"2013-01-22";"options";"36"
"2013-01-25";"options";"36"
"2013-01-27";"options";"36"
"2013-01-29";"options";"36"
"2013-02-03";"options";"37"
"2013-02-10";"options";"38"
"2013-02-16";"options";"38"
"2013-02-17";"options";"39"
"2013-02-21";"options";"39"
"2013-02-24";"options";"39"
"2013-02-25";"options";"39"
"2013-02-27";"options";"39"
"2013-03-05";"options";"39"
"2013-03-10";"options";"39"
"2013-03-11";"options";"39"
"2013-03-12";"options";"39"
"2013-03-16";"options";"39"
"2013-03-19";"options";"39"
"2013-03-22";"options";"40"
"2013-03-30";"options";"41"
"2013-04-03";"options";"41"
"2013-04-06";"options";"41"
"2013-05-03";"options";"44"
"2013-05-04";"options";"44"
"2013-07-09";"options";"48"
"2013-07-10";"options";"48"
"2013-07-11";"options";"48"
"2013-07-12";"options";"48"
"2013-07-13";"options";"48"
"2013-07-14";"options";"48"
"2013-07-15";"options";"48"
"2013-07-16";"options";"48"
"2013-07-17";"options";"48"
"2013-07-18";"options";"48"
"2013-07-19";"options";"48"
"2013-07-20";"options";"48"
"2013-07-21";"options";"48"
"2013-07-22";"options";"48"
"2013-07-23";"options";"48"
"2013-07-24";"options";"48"
"2013-07-25";"options";"48"
"2013-07-26";"options";"48"
"2013-07-27";"options";"48"
"2013-07-28";"options";"48"
"2013-07-29";"options";"49"
"2013-07-30";"options";"49"
"2013-07-31";"options";"49"
"2013-08-01";"options";"49"
"2013-08-02";"options";"49"
"2013-08-03";"options";"49"
"2013-08-04";"options";"49"
"2013-08-05";"options";"49"
"2013-08-06";"options";"49"
"2013-08-07";"options";"49"
"2013-08-08";"options";"49"
"2013-08-09";"options";"49"
"2013-08-10";"options";"49"
"2013-08-11";"options";"49"
"2013-08-12";"options";"49"
"2013-08-13";"options";"49"
"2013-08-14";"options";"50"
"2013-08-15";"options";"50"
"2013-08-16";"options";"50"
"2013-08-17";"options";"50"
"2013-08-18";"options";"50"
"2013-08-19";"options";"51"
"2013-08-20";"options";"51"
"2013-08-21";"options";"52"
"2013-08-22";"options";"52"
"2013-08-23";"options";"52"
"2013-08-24";"options";"52"
"2013-08-25";"options";"52"
"2013-08-26";"options";"52"
"2013-08-27";"options";"52"
"2013-08-28";"options";"52"
"2013-08-29";"options";"52"
"2013-08-30";"options";"53"
"2013-08-31";"options";"53"
"2013-09-01";"options";"53"
"2013-09-02";"options";"55"
"2013-09-03";"options";"56"
"2013-09-04";"options";"56"
"2013-09-05";"options";"56"
"2013-09-06";"options";"58"
"2013-09-07";"options";"58"
"2013-09-08";"options";"58"
"2013-09-09";"options";"58"
"2013-09-10";"options";"58"
"2013-09-11";"options";"58"
"2013-09-12";"options";"59"
"2013-09-13";"options";"59"
"2013-09-14";"options";"59"
"2013-09-15";"options";"59"
"2013-09-16";"options";"60"
"2013-09-17";"options";"60"
"2013-09-18";"options";"60"
"2013-09-19";"options";"61"
"2013-09-20";"options";"61"
"2013-09-21";"options";"61"
"2013-09-22";"options";"61"
"2013-09-23";"options";"61"
"2013-09-24";"options";"61"
"2013-09-25";"options";"62"
"2013-09-26";"options";"62"
"2013-09-27";"options";"62"
"2013-09-28";"options";"62"
"2013-09-29";"options";"63"
"2013-09-30";"options";"63"
"2013-10-01";"options";"63"
"2013-10-02";"options";"64"
"2013-10-03";"options";"64"
"2013-10-04";"options";"64"
"2013-10-05";"options";"64"
"2013-10-06";"options";"64"
"2013-10-07";"options";"65"
"2013-10-08";"options";"66"
"2013-10-09";"options";"65"
"2013-10-10";"options";"66"
"2013-10-11";"options";"66"
"2013-10-12";"options";"66"
"2013-10-13";"options";"66"
"2013-10-14";"options";"66"
"2013-10-15";"options";"66"
"2013-10-16";"options";"66"
"2013-10-17";"options";"66"
"2013-10-18";"options";"65"
"2013-10-19";"options";"65"
"2013-10-20";"options";"65"
"2013-10-21";"options";"65"
"2013-10-22";"options";"65"
"2013-10-23";"options";"65"
"2013-10-24";"options";"66"
"2013-10-25";"options";"67"
"2013-10-26";"options";"67"
"2013-10-27";"options";"68"
"2013-10-28";"options";"69"
"2013-10-29";"options";"69"
"2013-10-30";"options";"69"
"2013-10-31";"options";"71"
"2013-11-01";"options";"71"
"2013-11-02";"options";"70"
"2013-11-03";"options";"70"
"2013-11-04";"options";"70"
"2013-11-05";"options";"71"
"2013-11-06";"options";"71"
"2013-11-07";"options";"71"
"2013-11-08";"options";"71"
"2013-11-09";"options";"73"
"2013-11-10";"options";"73"
"2013-11-11";"options";"74"
"2013-11-12";"options";"74"
"2013-11-13";"options";"74"
"2013-11-14";"options";"75"
"2013-11-15";"options";"76"
"2013-11-16";"options";"76"
"2013-11-17";"options";"76"
"2013-11-18";"options";"77"
"2013-11-19";"options";"77"
"2013-11-20";"options";"78"
"2013-11-21";"options";"78"
"2013-11-22";"options";"79"
"2013-11-23";"options";"80"
"2013-11-24";"options";"80"
"2013-11-25";"options";"81"
"2013-11-26";"options";"81"
"2013-11-27";"options";"81"
"2013-11-28";"options";"81"
"2013-11-29";"options";"82"
"2013-11-30";"options";"82"
"2013-12-01";"options";"82"
"2013-12-02";"options";"82"
"2013-12-03";"options";"82"
"2013-12-04";"options";"83"
"2013-12-05";"options";"84"
"2013-12-06";"options";"84"
"2013-12-07";"options";"86"
"2013-12-08";"options";"85"
"2013-12-09";"options";"85"
"2013-12-10";"options";"85"
"2013-12-11";"options";"85"
"2013-12-12";"options";"86"
"2013-12-13";"options";"87"
"2013-12-14";"options";"87"
"2013-12-15";"options";"87"
"2013-12-16";"options";"87"
"2013-12-17";"options";"87"
"2013-12-18";"options";"87"
"2013-12-19";"options";"87"
"2013-12-20";"options";"87"
"2013-12-21";"options";"88"
"2013-12-22";"options";"88"
"2013-12-23";"options";"89"
"2013-12-24";"options";"89"
"2013-12-25";"options";"90"
"2013-12-26";"options";"90"
"2013-12-27";"options";"91"
"2013-12-28";"options";"91"
"2013-12-29";"options";"91"
"2013-12-30";"options";"90"
"2013-12-31";"options";"91"
"2014-01-01";"options";"92"
"2014-01-02";"options";"91"
"2014-01-03";"options";"92"
"2014-01-04";"options";"92"
"2014-01-05";"options";"92"
"2014-01-06";"options";"93"
"2014-01-07";"options";"93"
"2014-01-08";"options";"93"
"2014-01-09";"options";"93"
"2014-01-10";"options";"93"
"2014-01-11";"options";"92"
"2014-01-12";"options";"92"
"2014-01-13";"options";"93"
"2014-01-14";"options";"94"
"2014-01-15";"options";"94"
"2014-01-16";"options";"94"
"2014-01-17";"options";"95"
"2014-01-18";"options";"95"
"2014-01-19";"options";"95"
"2014-01-20";"options";"95"
"2014-01-21";"options";"95"
"2014-01-22";"options";"95"
"2014-01-23";"options";"95"
"2014-01-24";"options";"95"
"2014-01-25";"options";"95"
"2014-01-26";"options";"95"
"2014-01-27";"options";"96"
"2014-01-28";"options";"96"
"2014-01-29";"options";"97"
"2014-01-30";"options";"97"
"2014-01-31";"options";"98"
"2014-02-01";"options";"99"
"2014-02-02";"options";"100"
"2014-02-03";"options";"100"
"2014-02-04";"options";"100"
"2014-02-05";"options";"100"
"2014-02-06";"options";"100"
"2014-02-07";"options";"100"
"2014-02-08";"options";"100"
"2014-02-09";"options";"100"
"2014-02-10";"options";"100"
"2014-02-11";"options";"100"
"2014-02-12";"options";"101"
"2014-02-13";"options";"103"
"2014-02-14";"options";"103"
"2014-02-15";"options";"103"
"2014-02-16";"options";"103"
"2014-02-17";"options";"104"
"2014-02-18";"options";"103"
"2014-02-19";"options";"104"
"2014-02-20";"options";"104"
"2014-02-21";"options";"106"
"2014-02-22";"options";"108"
"2014-02-23";"options";"108"
"2014-02-24";"options";"109"
"2014-02-25";"options";"109"
"2014-02-26";"options";"111"
"2014-02-27";"options";"112"
"2014-02-28";"options";"112"
"2014-03-01";"options";"112"
"2014-03-02";"options";"112"
"2014-03-03";"options";"112"
"2014-03-04";"options";"113"
"2014-03-05";"options";"115"
"2014-03-06";"options";"116"
"2014-03-07";"options";"118"
"2014-03-08";"options";"118"
"2014-03-09";"options";"118"
"2014-03-10";"options";"119"
"2014-03-11";"options";"120"
"2014-03-12";"options";"120"
"2014-03-13";"options";"121"
"2014-03-14";"options";"122"
"2014-03-15";"options";"122"
"2014-03-16";"options";"122"
"2014-03-17";"options";"122"
"2014-03-18";"options";"123"
"2014-03-19";"options";"124"
"2014-03-20";"options";"125"
"2014-03-21";"options";"125"
"2014-03-22";"options";"125"
"2014-03-23";"options";"125"
"2014-03-24";"options";"125"
"2014-03-25";"options";"125"
"2014-03-26";"options";"132"
"2014-03-27";"options";"135"
"2014-03-28";"options";"139"
"2014-03-29";"options";"143"
"2014-03-30";"options";"149"
"2014-03-31";"options";"152"
"2014-04-01";"options";"155"
"2014-04-02";"options";"159"
"2014-04-03";"options";"162"
"2014-04-04";"options";"165"
"2014-04-05";"options";"168"
"2014-04-06";"options";"168"
"2014-04-07";"options";"168"
"2014-04-08";"options";"170"
"2014-04-09";"options";"170"
"2014-04-10";"options";"174"
"2014-04-11";"options";"177"
"2014-04-12";"options";"180"
"2014-04-13";"options";"181"
"2014-04-14";"options";"181"
"2014-04-15";"options";"183"
"2014-04-16";"options";"185"
"2014-04-17";"options";"188"
"2014-04-18";"options";"190"
"2014-04-19";"options";"193"
"2014-04-20";"options";"194"
"2014-04-21";"options";"197"
"2014-04-22";"options";"198"
"2014-04-23";"options";"200"
"2014-04-24";"options";"204"
"2014-04-26";"options";"211"
"2014-04-27";"options";"211"
"2014-04-28";"options";"215"
"2014-04-29";"options";"216"
"2014-04-30";"options";"220"
"2014-05-01";"options";"221"
"2014-05-02";"options";"223"
"2014-05-03";"options";"226"
"2014-05-04";"options";"227"
"2014-05-05";"options";"232"
"2014-05-06";"options";"239"
"2014-05-07";"options";"249"
"2014-05-08";"options";"254"
"2014-05-09";"options";"259"
"2014-05-10";"options";"259"
"2014-05-11";"options";"262"
"2014-05-12";"options";"262"
"2014-05-14";"options";"267"
"2014-05-15";"options";"268"
"2014-05-16";"options";"273"
"2014-05-17";"options";"275"
"2014-05-18";"options";"276"
"2014-05-19";"options";"278"
"2014-05-20";"options";"280"
"2014-05-21";"options";"304"
"2014-05-22";"options";"311"
"2014-05-23";"options";"313"
"2014-05-24";"options";"320"
"2014-05-25";"options";"322"
"2014-05-26";"options";"324"
"2014-05-27";"options";"330"
"2014-05-28";"options";"331"
"2014-05-29";"options";"332"
"2014-05-30";"options";"340"
"2014-06-01";"options";"342"
"2014-06-05";"options";"354"
"2014-06-06";"options";"362"
"2014-06-08";"options";"365"
"2014-06-26";"options";"395"
"2014-06-16";"options";"384"
"2014-06-17";"options";"385"
"2014-06-19";"options";"389"
"2014-06-20";"options";"393"
"2014-06-21";"options";"393"
"2014-06-22";"options";"393"
"2014-06-23";"options";"394"
"2014-06-24";"options";"394"
"2014-06-25";"options";"394"
"2014-06-27";"options";"396"
"2014-06-28";"options";"396"
"2014-06-29";"options";"398"
"2014-06-30";"options";"401"
"2014-07-01";"options";"403"
"2014-07-02";"options";"409"
"2014-07-03";"options";"413"
"2014-07-04";"options";"416"
"2014-07-05";"options";"418"
"2014-07-06";"options";"422"
"2014-07-07";"options";"425"
"2014-07-08";"options";"439"
"2014-07-09";"options";"454"
"2014-07-10";"options";"473"
"2014-07-11";"options";"480"
"2014-07-12";"options";"481"
"2014-07-13";"options";"488"
"2014-07-14";"options";"491"
"2014-07-15";"options";"492"
"2014-07-16";"options";"493"
"2014-07-17";"options";"497"
"2014-07-18";"options";"505"
"2014-07-19";"options";"508"
"2014-07-20";"options";"507"
"2014-07-21";"options";"515"
"2014-07-22";"options";"521"
"2014-07-23";"options";"524"
"2014-07-24";"options";"530"
"2014-07-25";"options";"537"
"2014-07-26";"options";"543"
"2014-07-27";"options";"549"
"2014-07-28";"options";"551"
"2014-07-29";"options";"567"
"2014-07-30";"options";"570"
"2014-07-31";"options";"582"
"2014-08-01";"options";"588"
"2014-08-02";"options";"590"
"2014-08-03";"options";"594"
"2014-08-04";"options";"597"
"2014-08-05";"options";"600"
"2014-08-06";"options";"605"
"2014-08-07";"options";"623"
"2014-08-08";"options";"662"
"2014-08-09";"options";"676"
"2014-08-10";"options";"683"
"2014-08-11";"options";"692"
"2014-08-12";"options";"697"
"2014-08-13";"options";"701"
"2014-08-14";"options";"709"
"2014-08-15";"options";"710"
"2014-08-16";"options";"713"
"2014-08-17";"options";"721"
"2014-08-18";"options";"725"
"2014-08-19";"options";"733"
"2014-08-20";"options";"741"
"2014-08-21";"options";"744"
"2014-08-22";"options";"770"
"2014-08-23";"options";"787"
"2014-08-24";"options";"792"
"2014-08-25";"options";"799"
"2014-08-26";"options";"803"
"2014-08-27";"options";"820"
"2014-08-28";"options";"825"
"2014-08-29";"options";"842"
"2014-08-30";"options";"849"
"2014-08-31";"options";"854"
"2014-09-01";"options";"856"
"2014-09-02";"options";"858"
"2014-09-03";"options";"862"
"2014-09-04";"options";"870"
"2014-09-05";"options";"902"
"2014-09-06";"options";"910"
"2014-09-07";"options";"912"
"2014-09-08";"options";"914"
"2014-09-09";"options";"922"
"2014-09-10";"options";"928"
"2014-09-11";"options";"943"
"2014-09-12";"options";"950"
"2014-09-13";"options";"952"
"2014-09-14";"options";"955"
"2014-09-15";"options";"961"
"2014-09-16";"options";"971"
"2014-09-17";"options";"980"
"2014-09-18";"options";"983"
"2014-09-19";"options";"985"
"2014-09-20";"options";"986"
"2014-09-21";"options";"989"
"2014-09-22";"options";"993"
"2014-09-23";"options";"997"
"2014-09-24";"options";"998"
"2014-09-25";"options";"1000"
"2014-09-26";"options";"1004"
"2014-09-27";"options";"1008"
"2014-09-28";"options";"1014"
"2014-09-29";"options";"1018"
"2014-09-30";"options";"1036"
"2014-10-01";"options";"1048"
"2014-10-02";"options";"1054"
"2014-10-03";"options";"1060"
"2014-10-04";"options";"1060"
"2014-10-05";"options";"1061"
"2014-10-06";"options";"1066"
"2014-10-07";"options";"1069"
"2014-10-08";"options";"1074"
"2014-10-09";"options";"1077"
"2014-10-10";"options";"1084"
"2014-10-11";"options";"1087"
"2014-10-12";"options";"1093"
"2014-10-13";"options";"1101"
"2014-10-14";"options";"1103"
"2014-10-15";"options";"1108"
"2014-10-16";"options";"1113"
"2014-10-17";"options";"1121"
"2014-10-18";"options";"1123"
"2014-10-19";"options";"1126"
"2014-10-20";"options";"1132"
"2014-10-21";"options";"1138"
"2014-10-22";"options";"1143"
"2014-10-23";"options";"1149"
"2014-10-24";"options";"1156"
"2014-10-25";"options";"1161"
"2014-10-26";"options";"1164"
"2014-10-27";"options";"1170"
"2014-10-28";"options";"1174"
"2014-10-29";"options";"1178"
"2014-10-30";"options";"1180"
"2014-10-31";"options";"1184"
"2014-11-01";"options";"1188"
"2014-11-02";"options";"1190"
"2014-11-03";"options";"1192"
"2014-11-04";"options";"1208"
"2014-11-05";"options";"1211"
"2014-11-06";"options";"1215"
"2014-11-07";"options";"1221"
"2014-11-08";"options";"1224"
"2014-11-09";"options";"1227"
"2014-11-10";"options";"1230"
"2014-11-11";"options";"1231"
"2014-11-12";"options";"1231"
"2014-11-13";"options";"1238"
"2014-11-14";"options";"1240"
"2014-11-15";"options";"1247"
"2014-11-16";"options";"1247"
"2014-11-17";"options";"1253"
"2014-11-18";"options";"1259"
"2014-11-19";"options";"1266"
"2014-11-20";"options";"1268"
"2014-11-21";"options";"1269"
"2014-11-22";"options";"1272"
"2014-11-23";"options";"1274"
"2014-11-24";"options";"1279"
"2014-11-25";"options";"1284"
"2014-11-26";"options";"1292"
"2014-11-27";"options";"1296"
"2014-11-28";"options";"1299"
"2014-11-29";"options";"1301"
"2014-11-30";"options";"1305"
"2014-12-01";"options";"1307"
"2014-12-02";"options";"1309"
"2014-12-03";"options";"1313"
"2014-12-04";"options";"1322"
"2014-12-05";"options";"1328"
"2014-12-06";"options";"1329"
"2014-12-07";"options";"1328"
"2014-12-09";"options";"1335"
"2014-12-10";"options";"1343"
"2014-12-11";"options";"1348"
"2014-12-12";"options";"1352"
"2014-12-13";"options";"1359"
"2014-12-14";"options";"1369"
"2014-12-15";"options";"1378"
"2014-12-16";"options";"1388"
"2014-12-17";"options";"1392"
"2014-12-19";"options";"1407"
"2014-12-20";"options";"1407"
"2014-12-21";"options";"1409"
"2014-12-22";"options";"1414"
"2014-12-23";"options";"1420"
"2014-12-24";"options";"1421"
"2014-12-25";"options";"1426"
"2014-12-26";"options";"1429"
"2014-12-27";"options";"1434"
"2014-12-28";"options";"1451"
"2014-12-29";"options";"1455"
"2014-12-30";"options";"1462"
"2014-12-31";"options";"1472"
"2015-01-01";"options";"1485"
"2015-01-02";"options";"1521"
"2015-01-03";"options";"1533"
"2015-01-04";"options";"1540"
"2015-01-05";"options";"1547"
"2015-01-06";"options";"1556"
"2015-01-07";"options";"1569"
"2015-01-08";"options";"1572"
"2015-01-09";"options";"1574"
"2015-01-10";"options";"1576"
"2015-01-11";"options";"1583"
"2015-01-12";"options";"1590"
"2015-01-13";"options";"1600"
"2015-01-14";"options";"1602"
"2015-01-15";"options";"1606"
"2015-01-16";"options";"1614"
"2015-01-17";"options";"1620"
"2015-01-18";"options";"1624"
"2015-01-19";"options";"1626"
"2015-01-20";"options";"1635"
"2015-01-21";"options";"1663"
"2015-01-22";"options";"1670"
"2015-01-23";"options";"1682"
"2015-01-24";"options";"1696"
"2015-01-25";"options";"1703"
"2015-01-26";"options";"1726"
"2015-01-27";"options";"1772"
"2015-01-28";"options";"1794"
"2015-01-29";"options";"1806"
"2015-01-30";"options";"1821"
"2015-01-31";"options";"1827"
"2015-02-01";"options";"1832"
"2015-02-02";"options";"1837"
"2015-02-03";"options";"1845"
"2015-02-04";"options";"1851"
"2015-02-05";"options";"1855"
"2015-02-06";"options";"1858"
"2015-02-07";"options";"1862"
"2015-02-08";"options";"1866"
"2015-02-09";"options";"1873"
"2015-02-10";"options";"1879"
"2015-02-11";"options";"1884"
"2015-02-12";"options";"1890"
"2015-02-13";"options";"1895"
"2015-02-14";"options";"1904"
"2015-02-15";"options";"1907"
"2015-02-16";"options";"1912"
"2015-02-17";"options";"1919"
"2015-02-18";"options";"1927"
"2015-02-19";"options";"1934"
"2015-02-20";"options";"1940"
"2015-02-21";"options";"1950"
"2015-02-22";"options";"1954"
"2015-02-23";"options";"1961"
"2015-02-24";"options";"1971"
"2015-02-25";"options";"1978"
"2015-02-26";"options";"1981"
"2015-02-27";"options";"1984"
"2015-02-28";"options";"1990"
"2015-03-01";"options";"1997"
"2015-03-02";"options";"2003"
"2015-03-03";"options";"2004"
"2015-03-04";"options";"2008"
"2015-03-05";"options";"2010"
"2015-03-06";"options";"2014"
"2015-03-07";"options";"2015"
"2015-03-08";"options";"2018"
"2015-03-09";"options";"2022"
"2015-03-10";"options";"2025"
"2015-03-11";"options";"2031"
"2015-03-12";"options";"2223"
"2015-03-13";"options";"2264"
"2015-03-14";"options";"2269"
"2015-03-15";"options";"2276"
"2015-03-16";"options";"2279"
"2015-03-17";"options";"2297"
"2015-03-18";"options";"2308"
"2015-03-19";"options";"2310"
"2015-03-20";"options";"2320"
"2015-03-21";"options";"2327"
"2015-03-22";"options";"2327"
"2015-03-23";"options";"2329"
"2015-03-24";"options";"2333"
"2015-03-25";"options";"2342"
"2015-03-26";"options";"2346"
"2015-03-27";"options";"2350"
"2015-03-28";"options";"2352"
"2015-03-29";"options";"2356"
"2015-03-30";"options";"2357"
"2015-03-31";"options";"2358"
"2015-04-01";"options";"2367"
"2015-04-02";"options";"2371"
"2015-04-03";"options";"2374"
"2015-04-04";"options";"2382"
"2015-04-05";"options";"2386"
"2015-04-06";"options";"2392"
"2015-04-07";"options";"2403"
"2015-04-08";"options";"2409"
"2015-04-09";"options";"2413"
"2015-04-10";"options";"2414"
"2015-04-11";"options";"2421"
"2015-04-12";"options";"2427"
"2015-04-13";"options";"2433"
"2015-04-14";"options";"2438"
"2015-04-15";"options";"2441"
"2015-04-16";"options";"2440"
"2015-04-17";"options";"2450"
"2015-04-18";"options";"2455"
"2015-04-19";"options";"2459"
"2015-04-20";"options";"2467"
"2015-04-21";"options";"2470"
"2015-04-22";"options";"2476"
"2015-04-23";"options";"2482"
"2015-04-24";"options";"2484"
"2015-04-25";"options";"2489"
"2015-04-26";"options";"2490"
"2015-04-27";"options";"2514"
"2015-04-28";"options";"2544"
"2015-04-29";"options";"2586"
"2015-04-30";"options";"2604"
"2015-05-01";"options";"2613"
"2015-05-02";"options";"2623"
"2015-05-03";"options";"2648"
"2015-05-04";"options";"2671"
"2015-05-05";"options";"2676"
"2015-05-06";"options";"2684"
"2015-05-07";"options";"2689"
"2015-05-08";"options";"2695"
"2015-05-09";"options";"2699"
"2015-05-10";"options";"2704"
"2015-05-11";"options";"2704"
"2015-05-12";"options";"2717"
"2015-05-13";"options";"2743"
"2015-05-14";"options";"2749"
"2015-05-15";"options";"2754"
"2015-05-16";"options";"2760"
"2015-05-17";"options";"2764"
"2015-05-18";"options";"2766"
"2015-05-19";"options";"2772"
"2015-05-20";"options";"2778"
"2015-05-21";"options";"2786"
"2015-05-22";"options";"2794"
"2015-05-23";"options";"2794"
"2015-05-24";"options";"2799"
"2015-05-25";"options";"2804"
"2015-05-26";"options";"2816"
"2015-05-27";"options";"2902"
"2015-05-28";"options";"2913"
"2015-05-29";"options";"2924"
"2015-05-30";"options";"2929"
"2015-05-31";"options";"2934"
"2015-06-01";"options";"2938"
"2015-06-02";"options";"2961"
"2015-06-03";"options";"3001"
"2015-06-04";"options";"3050"
"2015-06-05";"options";"3082"
"2015-06-06";"options";"3166"
"2015-06-07";"options";"3191"
"2015-06-08";"options";"3203"
"2015-06-09";"options";"3213"
"2015-06-10";"options";"3236"
"2015-06-11";"options";"3249"
"2015-06-12";"options";"3263"
"2015-06-13";"options";"3273"
"2015-06-14";"options";"3275"
"2015-06-15";"options";"3282"
"2015-06-16";"options";"3303"
"2015-06-17";"options";"3324"
"2015-06-18";"options";"3335"
"2015-06-19";"options";"3339"
"2015-06-20";"options";"3338"
"2015-06-21";"options";"3335"
"2015-06-22";"options";"3342"
"2015-06-23";"options";"3345"
"2015-06-24";"options";"3356"
"2015-06-25";"options";"3366"
"2015-06-26";"options";"3383"
"2015-06-27";"options";"3389"
"2015-06-28";"options";"3390"
"2015-06-29";"options";"3402"
"2015-06-30";"options";"3412"
"2015-07-01";"options";"3424"
"2015-07-02";"options";"3433"
"2015-07-03";"options";"3441"
"2015-07-04";"options";"3443"
"2015-07-05";"options";"3445"
"2015-07-06";"options";"3453"
"2015-07-07";"options";"3457"
"2015-07-08";"options";"3471"
"2015-07-09";"options";"3490"
"2015-07-10";"options";"3498"
"2015-07-11";"options";"3507"
"2015-07-12";"options";"3517"
"2015-07-13";"options";"3523"
"2015-07-14";"options";"3539"
"2015-07-15";"options";"3545"
"2015-07-16";"options";"3548"
"2015-07-17";"options";"3558"
"2015-07-18";"options";"3569"
"2015-07-19";"options";"3577"
"2015-07-20";"options";"3584"
"2015-07-21";"options";"3625"
"2015-07-22";"options";"3640"
"2015-07-23";"options";"3659"
"2015-07-24";"options";"3670"
"2015-07-25";"options";"3677"
"2015-07-26";"options";"3685"
"2015-07-27";"options";"3692"
"2015-07-28";"options";"3704"
"2015-07-29";"options";"3711"
"2015-07-30";"options";"3719"
"2015-07-31";"options";"3729"
"2015-08-01";"options";"3737"
"2015-08-02";"options";"3742"
"2015-08-03";"options";"3750"
"2015-08-04";"options";"3761"
"2015-08-05";"options";"3766"
"2015-08-06";"options";"3781"
"2015-08-07";"options";"3785"
"2015-08-08";"options";"3792"
"2015-08-09";"options";"3799"
"2015-08-10";"options";"3807"
"2015-08-11";"options";"3820"
"2015-08-12";"options";"3835"
"2015-08-13";"options";"3846"
"2015-08-14";"options";"3859"
"2015-08-15";"options";"3867"
"2015-08-16";"options";"3872"
"2015-08-17";"options";"3878"
"2015-08-18";"options";"3884"
"2015-08-19";"options";"3896"
"2015-08-20";"options";"3908"
"2015-08-21";"options";"3929"
"2015-08-22";"options";"3946"
"2015-08-23";"options";"3950"
"2015-08-24";"options";"3956"
"2015-08-25";"options";"3983"
"2015-08-26";"options";"3999"
"2015-08-27";"options";"4014"
"2015-08-28";"options";"4029"
"2015-08-29";"options";"4043"
"2015-08-30";"options";"4054"
"2015-08-31";"options";"4065"
"2015-09-01";"options";"4071"
"2015-09-02";"options";"4084"
"2015-09-05";"options";"4117"
"2015-09-06";"options";"4121"
"2015-09-07";"options";"4128"
"2015-09-08";"options";"4135"
"2015-09-09";"options";"4140"
"2015-09-10";"options";"4158"
"2015-09-11";"options";"4164"
"2015-09-12";"options";"4172"
"2015-09-13";"options";"4178"
"2015-09-14";"options";"4183"
"2015-09-15";"options";"4189"
"2015-09-16";"options";"4215"
"2015-09-17";"options";"4224"
"2015-09-18";"options";"4226"
"2015-09-19";"options";"4233"
"2015-09-20";"options";"4242"
"2015-09-21";"options";"4242"
"2015-09-22";"options";"4247"
"2015-09-23";"options";"4257"
"2015-09-24";"options";"4262"
"2015-09-25";"options";"4282"
"2015-09-26";"options";"4289"
"2015-09-27";"options";"4294"
"2015-09-28";"options";"4298"
"2015-09-29";"options";"4308"
"2015-09-30";"options";"4314"
"2015-10-01";"options";"4317"
"2015-10-02";"options";"4323"
"2015-10-03";"options";"4329"
"2015-10-04";"options";"4337"
"2015-10-05";"options";"4342"
"2015-10-06";"options";"4348"
"2015-10-07";"options";"4352"
"2015-10-08";"options";"4355"
"2015-10-09";"options";"4361"
"2015-10-10";"options";"4366"
"2015-10-11";"options";"4370"
"2015-10-12";"options";"4374"
"2015-10-13";"options";"4383"
"2015-10-14";"options";"4389"
"2015-10-15";"options";"4391"
"2015-10-16";"options";"4396"
"2015-10-17";"options";"4408"
"2015-10-18";"options";"4415"
"2015-10-19";"options";"4426"
"2015-10-20";"options";"4427"
"2015-10-21";"options";"4435"
"2015-10-22";"options";"4452"
"2015-10-23";"options";"4473"
"2015-10-24";"options";"4512"
"2015-10-25";"options";"4549"
"2015-10-26";"options";"4564"
"2015-10-27";"options";"4572"
"2015-10-28";"options";"4588"
"2015-10-29";"options";"4601"
"2015-10-30";"options";"4607"
"2015-10-31";"options";"4648"
"2015-11-01";"options";"4657"
"2015-11-02";"options";"4670"
"2015-11-03";"options";"4682"
"2015-11-04";"options";"4692"
"2015-11-05";"options";"4702"
"2015-11-06";"options";"4707"
"2015-11-07";"options";"4715"
"2015-11-08";"options";"4726"
"2015-11-09";"options";"4730"
"2015-11-10";"options";"4736"
"2015-11-11";"options";"4741"
"2015-11-12";"options";"4744"
"2015-11-13";"options";"4752"
"2015-11-14";"options";"4757"
"2015-11-15";"options";"4760"
"2015-11-16";"options";"4766"
"2015-11-17";"options";"4774"
"2015-11-18";"options";"4785"
"2015-11-19";"options";"4791"
"2015-11-20";"options";"4798"
"2015-11-21";"options";"4804"
"2015-11-22";"options";"4806"
"2015-11-23";"options";"4817"
"2015-11-24";"options";"4823"
"2015-11-25";"options";"4832"
"2015-11-26";"options";"4846"
"2015-11-27";"options";"4852"
"2015-11-28";"options";"4855"
"2015-11-29";"options";"4860"
"2015-11-30";"options";"4867"
"2015-12-01";"options";"4873"
"2015-12-02";"options";"4881"
"2015-12-03";"options";"4887"
"2015-12-04";"options";"4891"
"2015-12-05";"options";"4898"
"2015-12-06";"options";"4899"
"2015-12-07";"options";"4905"
"2015-12-08";"options";"4909"
"2015-12-09";"options";"4915"
"2015-12-10";"options";"4926"
"2015-12-11";"options";"4937"
"2015-12-12";"options";"4943"
"2015-12-13";"options";"4948"
"2015-12-14";"options";"4950"
"2015-12-15";"options";"4956"
"2015-12-16";"options";"4953"
"2015-12-17";"options";"4961"
"2015-12-18";"options";"4964"
"2015-12-19";"options";"4974"
"2015-12-20";"options";"4978"
"2015-12-21";"options";"4978"
"2015-12-22";"options";"4981"
"2015-12-23";"options";"4989"
"2015-12-24";"options";"4990"
"2015-12-25";"options";"4996"
"2015-12-26";"options";"5002"
"2015-12-27";"options";"5011"
"2015-12-28";"options";"5015"
"2015-12-29";"options";"5039"
"2015-12-30";"options";"5040"
"2015-12-31";"options";"5038"
"2016-01-01";"options";"5045"
"2016-01-02";"options";"5041"
"2016-01-03";"options";"5046"
"2016-01-04";"options";"5052"
"2016-01-05";"options";"5058"
"2016-01-06";"options";"5062"
"2016-01-07";"options";"5079"
"2016-01-08";"options";"5096"
"2016-01-09";"options";"5103"
"2016-01-10";"options";"5114"
"2016-01-11";"options";"5128"
"2016-01-12";"options";"5136"
"2016-01-13";"options";"5153"
"2016-01-14";"options";"5172"
"2016-01-15";"options";"5195"
"2016-01-16";"options";"5238"
"2016-01-17";"options";"5313"
"2016-01-18";"options";"5359"
"2016-01-19";"options";"5417"
"2016-01-20";"options";"5479"
"2016-01-21";"options";"5503"
"2016-01-22";"options";"5533"
"2016-01-23";"options";"5550"
"2016-01-24";"options";"5562"
"2016-01-25";"options";"5578"
"2016-01-26";"options";"5592"
"2016-01-27";"options";"5603"
"2016-01-28";"options";"5619"
"2016-01-29";"options";"5750"
"2016-01-30";"options";"5767"
"2016-01-31";"options";"5786"
"2016-02-01";"options";"5799"
"2016-02-02";"options";"5812"
"2016-02-03";"options";"5828"
"2016-02-04";"options";"5847"
"2016-02-05";"options";"5854"
"2016-02-06";"options";"5875"
"2016-02-07";"options";"6107"
"2016-02-08";"options";"6147"
"2016-02-09";"options";"6172"
"2016-02-10";"options";"6214"
"2016-02-11";"options";"6231"
"2016-02-12";"options";"6251"
"2016-02-13";"options";"6266"
"2016-02-14";"options";"6282"
"2016-02-15";"options";"6288"
"2016-02-16";"options";"6294"
"2016-02-17";"options";"6306"
"2016-02-18";"options";"6319"
"2016-02-19";"options";"6336"
"2016-02-20";"options";"6343"
"2016-02-21";"options";"6348"
"2016-02-22";"options";"6357"
"2016-02-23";"options";"6367"
"2016-02-24";"options";"6379"
"2016-02-25";"options";"6391"
"2016-02-26";"options";"6395"
"2016-02-27";"options";"6409"
"2016-02-28";"options";"6421"
"2016-02-29";"options";"6433"
"2016-03-01";"options";"6442"
"2016-03-02";"options";"6450"
"2016-03-03";"options";"6457"
"2016-03-04";"options";"6468"
"2016-03-05";"options";"6472"
"2016-03-06";"options";"6481"
"2016-03-07";"options";"6486"
"2016-03-08";"options";"6499"
"2016-03-09";"options";"6514"
"2016-03-10";"options";"6525"
"2016-03-11";"options";"6531"
"2016-03-12";"options";"6540"
"2016-03-13";"options";"6545"
"2016-03-14";"options";"6552"
"2016-03-15";"options";"6564"
"2016-03-16";"options";"6575"
"2016-03-17";"options";"6591"
"2016-03-18";"options";"6601"
"2016-03-19";"options";"6614"
"2016-03-20";"options";"6623"
"2016-03-21";"options";"6635"
"2016-03-22";"options";"6643"
"2016-03-23";"options";"6657"
"2016-03-24";"options";"6660"
"2016-03-25";"options";"6662"
"2016-03-26";"options";"6688"
"2016-03-27";"options";"6712"
"2016-03-28";"options";"6717"
"2016-03-29";"options";"6720"
"2016-03-30";"options";"6731"
"2016-03-31";"options";"6749"
"2016-04-01";"options";"6760"
"2016-04-02";"options";"6777"
"2016-04-03";"options";"6790"
"2016-04-04";"options";"6799"
"2016-04-05";"options";"6807"
"2016-04-06";"options";"6811"
"2016-04-07";"options";"6819"
"2016-04-08";"options";"6843"
"2016-04-09";"options";"6901"
"2016-04-10";"options";"6918"
"2016-04-11";"options";"6937"
"2016-04-12";"options";"6955"
"2016-04-13";"options";"6965"
"2016-04-14";"options";"6975"
"2016-04-15";"options";"6998"
"2016-04-16";"options";"7007"
"2016-04-17";"options";"7029"
"2016-04-18";"options";"7050"
"2016-04-19";"options";"7059"
"2016-04-20";"options";"7069"
"2016-04-21";"options";"7078"
"2016-04-22";"options";"7085"
"2016-04-23";"options";"7094"
"2016-04-24";"options";"7097"
"2016-04-25";"options";"7113"
"2016-04-26";"options";"7128"
"2016-04-27";"options";"7138"
"2016-04-28";"options";"7152"
"2016-04-29";"options";"7162"
"2016-04-30";"options";"7165"
"2016-05-01";"options";"7181"
"2016-05-02";"options";"7199"
"2016-05-03";"options";"7218"
"2016-05-04";"options";"7223"
"2016-05-05";"options";"7224"
"2016-05-06";"options";"7236"
"2016-05-07";"options";"7241"
"2016-05-08";"options";"7245"
"2016-05-09";"options";"7256"
"2016-05-10";"options";"7270"
"2016-05-11";"options";"7273"
"2016-05-12";"options";"7279"
"2016-05-13";"options";"7290"
"2016-05-14";"options";"7304"
"2016-05-15";"options";"7312"
"2016-05-16";"options";"7326"
"2016-05-17";"options";"7346"
"2016-05-18";"options";"7356"
"2016-05-19";"options";"7372"
"2016-05-20";"options";"7385"
"2016-05-21";"options";"7394"
"2016-05-22";"options";"7395"
"2016-05-23";"options";"7402"
"2016-05-24";"options";"7410"
"2016-05-25";"options";"7427"
"2016-05-26";"options";"7439"
"2016-05-27";"options";"7456"
"2016-05-28";"options";"7465"
"2016-05-29";"options";"7476"
"2016-05-30";"options";"7487"
"2016-05-31";"options";"7491"
"2016-06-01";"options";"7501"
"2016-06-02";"options";"7507"
"2016-06-03";"options";"7520"
"2016-06-04";"options";"7526"
"2016-06-05";"options";"7533"
"2016-06-06";"options";"7546"
"2016-06-07";"options";"7548"
"2016-06-08";"options";"7567"
"2016-06-09";"options";"7569"
"2016-06-10";"options";"7579"
"2016-06-11";"options";"7588"
"2016-06-12";"options";"7595"
"2016-06-13";"options";"7609"
"2016-06-14";"options";"7614"
"2016-06-15";"options";"7625"
"2016-06-16";"options";"7635"
"2016-06-17";"options";"7657"
"2016-06-18";"options";"7669"
"2016-06-19";"options";"7674"
"2016-06-20";"options";"7674"
"2016-06-21";"options";"7691"
"2016-06-22";"options";"7704"
"2016-06-23";"options";"7713"
"2016-06-24";"options";"7868"
"2016-06-25";"options";"7891"
"2016-06-26";"options";"7898"
"2016-06-27";"options";"7905"
"2016-06-28";"options";"7916"
"2016-06-29";"options";"7930"
"2016-06-30";"options";"7944"
"2016-07-07";"options";"8020"
"2016-07-08";"options";"8022"
"2016-07-09";"options";"8035"
"2016-07-10";"options";"8067"
"2016-07-11";"options";"8090"
"2016-07-12";"options";"8100"
"2016-07-13";"options";"8110"
"2016-07-14";"options";"8119"
"2016-07-15";"options";"8128"
"2016-07-16";"options";"8131"
"2016-07-17";"options";"8135"
"2016-07-18";"options";"8137"
"2016-07-19";"options";"8151"
"2016-07-20";"options";"8166"
"2016-07-21";"options";"8177"
"2016-07-22";"options";"8189"
"2016-07-23";"options";"8198"
"2016-07-24";"options";"8201"
"2016-07-25";"options";"8211"
"2016-07-26";"options";"8226"
"2016-07-27";"options";"8233"
"2016-07-28";"options";"8268"
"2016-07-29";"options";"8284"
"2016-07-30";"options";"8293"
"2016-07-31";"options";"8301"
"2016-08-01";"options";"8304"
"2016-08-02";"options";"8315"
"2016-08-03";"options";"8324"
"2016-08-04";"options";"8339"
"2016-08-05";"options";"8345"
"2016-08-06";"options";"8359"
"2016-08-07";"options";"8380"
"2016-08-08";"options";"8399"
"2016-08-09";"options";"8406"
"2016-08-10";"options";"8426"
"2016-08-11";"options";"8440"
"2016-08-12";"options";"8446"
"2016-08-13";"options";"8451"
"2016-08-14";"options";"8473"
"2016-08-15";"options";"8495"
"2016-08-16";"options";"8503"
"2016-08-17";"options";"8515"
"2016-08-18";"options";"8532"
"2016-08-19";"options";"8541"
"2016-08-20";"options";"8553"
"2016-08-21";"options";"8564"
"2016-08-22";"options";"8575"
"2016-08-23";"options";"8601"
"2016-08-24";"options";"8608"
"2016-08-25";"options";"8615"
"2016-08-26";"options";"8628"
"2016-08-27";"options";"8632"
"2016-08-28";"options";"8659"
"2016-08-29";"options";"8675"
"2016-08-30";"options";"8682"
"2016-08-31";"options";"8701"
"2016-09-01";"options";"8714"
"2016-09-02";"options";"8719"
"2016-09-03";"options";"8724"
"2016-09-04";"options";"8726"
"2016-09-05";"options";"8734"
"2016-09-06";"options";"8787"
"2016-09-07";"options";"8805"
"2016-09-08";"options";"8815"
"2016-09-09";"options";"8820"
"2016-09-10";"options";"8826"
"2016-09-11";"options";"8838"
"2016-09-12";"options";"8845"
"2016-09-13";"options";"8853"
"2016-09-14";"options";"8863"
"2016-09-15";"options";"8874"
"2016-09-16";"options";"8885"
"2016-09-17";"options";"8891"
"2016-09-18";"options";"8901"
"2016-09-19";"options";"8904"
"2016-09-20";"options";"8914"
"2016-09-21";"options";"8922"
"2016-09-22";"options";"8930"
"2016-09-23";"options";"8945"
"2016-09-24";"options";"8956"
"2016-09-25";"options";"8968"
"2016-09-26";"options";"8974"
"2016-09-27";"options";"8988"
"2016-09-28";"options";"9006"
"2016-09-29";"options";"9014"
"2016-09-30";"options";"9027"
"2016-10-01";"options";"9039"
"2016-10-02";"options";"9043"
"2016-10-03";"options";"9044"
"2016-10-04";"options";"9055"
"2016-10-05";"options";"9061"
"2016-10-06";"options";"9088"
"2016-10-07";"options";"9097"
"2016-10-08";"options";"9111"
"2016-10-09";"options";"9116"
"2016-10-10";"options";"9126"
"2016-10-11";"options";"9139"
"2016-10-12";"options";"9150"
"2016-10-13";"options";"9147"
"2016-10-14";"options";"9154"
"2016-10-15";"options";"9162"
"2016-10-16";"options";"9170"
"2016-10-17";"options";"9220"
"2016-10-25";"options";"9297"
"2016-11-08";"options";"9420"
"2016-11-11";"options";"9456"
"2016-11-12";"options";"9466"
"2016-11-13";"options";"9490"
"2016-11-14";"options";"9494"
"2016-11-16";"options";"9532"
"2016-11-17";"options";"9542"
"2016-11-18";"options";"9556"
"2016-11-19";"options";"9574"
"2016-11-21";"options";"9592"
"2016-11-23";"options";"9648"
"2016-11-25";"options";"9676"
"2016-11-28";"options";"9712"
"2016-11-30";"options";"9750"
"2016-12-01";"options";"9768"
"2016-12-05";"options";"9998"
"2016-12-06";"options";"10038"
"2016-12-31";"options";"10540"
"2017-01-01";"options";"10549"
"2017-01-02";"options";"10575"
"2017-01-03";"options";"10602"
"2017-01-04";"options";"10624"
"2017-01-05";"options";"10642"
"2017-01-06";"options";"10651"
"2017-01-07";"options";"10669"
"2017-01-08";"options";"10680"
"2017-01-09";"options";"10711"
"2017-01-10";"options";"10729"
"2017-01-11";"options";"10741"
"2017-01-12";"options";"10777"
"2017-01-13";"options";"10810"
"2017-01-14";"options";"10836"
"2017-01-15";"options";"10843"
"2017-01-16";"options";"10860"
"2017-01-17";"options";"10876"
"2017-01-18";"options";"10891"
"2017-01-19";"options";"10906"
"2017-01-20";"options";"10916"
"2017-01-21";"options";"10930"
"2017-01-22";"options";"10941"
"2017-01-23";"options";"10958"
"2017-01-24";"options";"10975"
"2017-01-25";"options";"10995"
"2017-01-26";"options";"11024"
"2017-01-27";"options";"11035"
"2017-01-28";"options";"11040"
"2017-01-29";"options";"11060"
"2017-01-30";"options";"11081"
"2017-01-31";"options";"11098"
"2017-02-01";"options";"11121"
"2017-02-02";"options";"11165"
"2017-02-03";"options";"11186"
"2017-02-04";"options";"11198"
"2017-02-05";"options";"11217"
"2017-02-06";"options";"11231"
"2017-02-07";"options";"11244"
"2017-02-08";"options";"11251"
"2017-02-09";"options";"11266"
"2017-02-10";"options";"11287"
"2017-02-11";"options";"11299"
"2017-02-12";"options";"11326"
"2017-02-13";"options";"11338"
"2017-02-14";"options";"11358"
"2017-02-15";"options";"11375"
"2017-02-16";"options";"11394"
"2017-02-17";"options";"11410"
"2017-02-18";"options";"11426"
"2017-02-19";"options";"11439"
"2017-02-20";"options";"11462"
"2017-02-21";"options";"11492"
"2017-02-22";"options";"11507"
"2017-02-23";"options";"11527"
"2017-02-24";"options";"11544"
"2017-02-25";"options";"11560"
"2017-02-26";"options";"11571"
"2017-02-27";"options";"11589"
"2017-02-28";"options";"11608"
"2017-03-01";"options";"11627"
"2017-03-02";"options";"11658"
"2017-03-03";"options";"11676"
"2017-03-04";"options";"11688"
"2017-03-05";"options";"11694"
"2017-03-06";"options";"11709"
"2017-03-07";"options";"11726"
"2017-03-08";"options";"11740"
"2017-03-09";"options";"11768"
"2017-03-10";"options";"11779"
"2017-03-11";"options";"11799"
"2017-03-12";"options";"11811"
"2017-03-13";"options";"11859"
"2017-03-14";"options";"11880"
"2017-03-15";"options";"11896"
"2017-03-16";"options";"11917"
"2017-03-17";"options";"11937"
"2017-03-18";"options";"11968"
"2017-03-19";"options";"12001"
"2017-03-20";"options";"12020"
"2017-03-21";"options";"12027"
"2017-03-22";"options";"12054"
"2017-03-23";"options";"12076"
"2017-03-24";"options";"12097"
"2017-03-25";"options";"12147"
"2017-03-26";"options";"12208"
"2017-03-27";"options";"12237"
"2017-03-28";"options";"12259"
"2017-03-29";"options";"12275"
"2017-03-31";"options";"12321"
"2017-04-01";"options";"12339"
"2017-04-02";"options";"12341"
"2017-04-03";"options";"12362"
"2017-04-04";"options";"12460"
"2017-04-05";"options";"12478"
"2017-04-06";"options";"12499"
"2017-04-07";"options";"12549"
"2017-04-08";"options";"12559"
"2017-04-09";"options";"12570"
"2017-04-10";"options";"12576"
"2017-04-11";"options";"12611"
"2017-04-12";"options";"12643"
"2017-04-13";"options";"12655"
"2017-04-14";"options";"12670"
"2017-04-15";"options";"12681"
"2017-04-16";"options";"12692"
"2017-04-17";"options";"12704"
"2017-04-18";"options";"12740"
"2017-04-19";"options";"12754"
"2017-04-20";"options";"12800"
"2017-04-21";"options";"12800"
"2017-04-22";"options";"12815"
"2017-04-23";"options";"12823"
"2017-04-24";"options";"12833"
"2017-04-25";"options";"12843"
"2017-04-26";"options";"12846"
"2017-04-27";"options";"12863"
"2017-04-28";"options";"12876"
"2017-04-29";"options";"12888"
"2017-04-30";"options";"12937"
"2017-05-01";"options";"12965"
"2017-05-02";"options";"13338"
"2017-05-03";"options";"13377"
"2017-05-04";"options";"13414"
"2017-05-05";"options";"13426"
"2017-05-06";"options";"13431"
"2017-05-07";"options";"13444"
"2017-05-08";"options";"13459"
"2017-05-09";"options";"13475"
"2017-05-10";"options";"13496"
"2017-05-11";"options";"13519"
"2017-05-12";"options";"13590"
"2017-05-13";"options";"13606"
"2017-05-14";"options";"13621"
"2017-05-15";"options";"13654"
"2017-05-16";"options";"13670"
"2017-05-17";"options";"13727"
"2017-05-18";"options";"13747"
"2017-05-19";"options";"13755"
"2017-05-20";"options";"13776"
"2017-05-21";"options";"13835"
"2017-05-22";"options";"13916"
"2017-05-23";"options";"13954"
"2017-05-24";"options";"13987"
"2017-05-25";"options";"14020"
"2017-05-26";"options";"14064"
"2017-05-27";"options";"14080"
"2017-05-28";"options";"14097"
"2017-05-29";"options";"14116"
"2017-05-30";"options";"14148"
"2017-05-31";"options";"14167"
"2017-06-01";"options";"14181"
"2017-06-02";"options";"14199"
"2017-06-03";"options";"14210"
"2017-06-04";"options";"14230"
"2017-06-05";"options";"14243"
"2017-06-06";"options";"14256"
"2017-06-07";"options";"14277"
"2017-06-08";"options";"14305"
"2017-06-09";"options";"14345"
"2017-06-10";"options";"14368"
"2017-06-11";"options";"14392"
"2017-06-12";"options";"14402"
"2017-06-13";"options";"14424"
"2017-06-14";"options";"14451"
"2017-06-15";"options";"14477"
"2017-06-16";"options";"14489"
"2017-06-17";"options";"14499"
"2017-06-18";"options";"14511"
"2017-06-19";"options";"14532"
"2017-06-20";"options";"14547"
"2017-06-21";"options";"14559"
"2017-06-22";"options";"14576"
"2017-06-23";"options";"14604"
"2017-06-24";"options";"14647"
"2017-06-25";"options";"14663"
"2017-06-26";"options";"14671"
"2017-06-27";"options";"14706"
"2017-06-28";"options";"14734"
"2017-06-29";"options";"14776"
"2017-06-30";"options";"14808"
"2017-07-01";"options";"14822"
"2017-07-02";"options";"14837"
"2017-07-03";"options";"14849"
"2017-07-04";"options";"14857"
"2017-07-05";"options";"14863"
"2017-07-06";"options";"14879"
"2017-07-07";"options";"14903"
"2017-07-08";"options";"14944"
"2017-07-09";"options";"14966"
"2017-07-10";"options";"14993"
"2017-07-11";"options";"15042"
"2017-07-12";"options";"15053"
"2017-07-13";"options";"15083"
"2017-07-19";"options";"15197"
"2017-07-20";"options";"15246"
"2017-07-21";"options";"15268"
"2017-07-22";"options";"15287"
"2017-07-23";"options";"15302"
"2017-07-24";"options";"15321"
"2017-07-25";"options";"15383"
"2017-07-26";"options";"15590"
"2017-07-27";"options";"15626"
"2017-07-28";"options";"15644"
"2017-07-29";"options";"15659"
"2017-07-30";"options";"15673"
"2017-07-31";"options";"15691"
"2017-08-01";"options";"15703"
"2017-08-02";"options";"15714"
"2017-08-03";"options";"15726"
"2017-08-04";"options";"15740"
"2017-08-05";"options";"15758"
"2017-08-06";"options";"15768"
"2017-08-07";"options";"15792"
"2017-08-08";"options";"15811"
"2017-08-09";"options";"15833"
"2017-08-10";"options";"15857"
"2017-08-11";"options";"15879"
"2017-08-12";"options";"15899"
"2017-08-13";"options";"15942"
"2017-08-14";"options";"15973"
"2017-08-15";"options";"16002"
"2017-08-16";"options";"16087"
"2017-08-17";"options";"16110"
"2017-08-18";"options";"16138"
"2017-08-19";"options";"16162"
"2017-08-20";"options";"16191"
"2017-08-21";"options";"16228"
"2017-08-22";"options";"16244"
"2017-08-23";"options";"16263"
"2017-08-24";"options";"16286"
"2017-08-25";"options";"16308"
"2017-08-26";"options";"16332"
"2017-08-27";"options";"16357"
"2017-08-28";"options";"16377"
"2017-08-29";"options";"16401"
"2017-08-30";"options";"16426"
"2017-08-31";"options";"16454"
"2017-09-01";"options";"16482"
"2017-09-02";"options";"16528"
"2017-09-03";"options";"16552"
"2017-09-04";"options";"16578"
"2017-09-05";"options";"16604"
"2017-09-06";"options";"16682"
"2017-09-07";"options";"16724"
"2017-09-08";"options";"16740"
"2017-09-09";"options";"16753"
"2017-09-10";"options";"16765"
"2017-09-11";"options";"16787"
"2017-09-12";"options";"16804"
"2017-09-13";"options";"16824"
"2017-09-14";"options";"16933"
"2017-09-15";"options";"16982"
"2017-09-16";"options";"17002"
"2017-09-17";"options";"17021"
"2017-09-18";"options";"17040"
"2017-09-19";"options";"17061"
"2017-09-20";"options";"17087"
"2017-09-21";"options";"17105"
"2017-09-22";"options";"17125"
"2017-09-23";"options";"17149"
"2017-09-24";"options";"17173"
"2017-09-25";"options";"17230"
"2017-09-26";"options";"17247"
"2017-09-27";"options";"17274"
"2017-09-28";"options";"17290"
"2017-09-29";"options";"17297"
"2017-09-30";"options";"17308"
"2017-10-01";"options";"17344"
"2017-10-02";"options";"17377"
"2017-10-03";"options";"17406"
"2017-10-04";"options";"17449"
"2017-10-05";"options";"17476"
"2017-10-06";"options";"17536"
"2017-10-08";"options";"17636"
"2017-10-10";"options";"17733"
"2017-10-12";"options";"17799"
"2017-10-14";"options";"17937"
"2017-10-15";"options";"17996"
"2017-10-16";"options";"18035"
"2017-10-17";"options";"18080"
"2017-10-18";"options";"18131"
"2017-10-19";"options";"18178"
"2017-10-20";"options";"18207"
"2017-10-23";"options";"18293"
"2017-10-24";"options";"18433"
"2017-10-25";"options";"18670"
"2017-10-26";"options";"18841"
"2017-10-27";"options";"18947"
"2017-10-28";"options";"19079"
"2017-10-29";"options";"19198"
"2017-10-30";"options";"19326"
"2017-10-31";"options";"19434"
"2017-11-01";"options";"19539"
"2017-11-02";"options";"19645"
"2017-11-03";"options";"19739"
"2017-11-04";"options";"19821"
"2017-11-07";"options";"20067"
"2017-11-13";"options";"20521"
"2017-11-14";"options";"20602"
"2017-11-15";"options";"20680"
"2017-11-16";"options";"20736"
"2017-11-17";"options";"20792"
"2017-11-18";"options";"20855"
"2017-11-19";"options";"20923"
"2017-11-20";"options";"21018"
"2017-11-21";"options";"21083"
"2017-11-22";"options";"21149"
"2017-11-23";"options";"21230"
"2017-11-24";"options";"21326"
"2017-11-25";"options";"21414"
"2017-11-26";"options";"21505"
"2017-11-27";"options";"21595"
"2017-11-28";"options";"21641"
"2017-11-29";"options";"21717"
"2017-11-30";"options";"21792"
"2017-12-01";"options";"21894"
"2017-12-02";"options";"21979"
"2017-12-03";"options";"22050"
"2017-12-04";"options";"22145"
"2017-12-05";"options";"22242"
"2017-12-06";"options";"22336"
"2017-12-07";"options";"22418"
"2017-12-08";"options";"22506"
"2017-12-09";"options";"22598"
"2017-12-10";"options";"22681"
"2017-12-11";"options";"22758"
"2017-12-12";"options";"22832"
"2017-12-13";"options";"22905"
"2017-12-14";"options";"23072"
"2017-12-15";"options";"23188"
"2017-12-16";"options";"23282"
"2017-12-17";"options";"23361"
"2017-12-18";"options";"23456"
"2017-12-19";"options";"23552"
"2017-12-20";"options";"23635"
"2017-12-21";"options";"23721"
"2017-12-22";"options";"23840"
"2017-12-23";"options";"23960"
"2017-12-24";"options";"24128"
"2017-12-25";"options";"24273"
"2017-12-26";"options";"24393"
"2017-12-27";"options";"24556"
"2017-12-28";"options";"24666"
"2017-12-29";"options";"24792"
"2017-12-30";"options";"24891"
"2017-12-31";"options";"24982"
"2018-01-01";"options";"25057"
"2018-01-02";"options";"25132"
"2018-01-03";"options";"25231"
"2018-01-04";"options";"25317"
"2018-01-05";"options";"25409"
"2018-01-06";"options";"25548"
"2018-01-07";"options";"25675"
"2018-01-08";"options";"25809"
"2018-01-09";"options";"25906"
"2018-01-10";"options";"26031"
"2018-01-11";"options";"26140"
"2018-01-13";"options";"26319"
"2018-01-14";"options";"26420"
"2018-01-15";"options";"26542"
"2018-01-16";"options";"26656"
"2018-01-17";"options";"26768"
"2018-01-18";"options";"26870"
"2018-01-19";"options";"26986"
"2018-01-20";"options";"27084"
"2018-01-21";"options";"27199"
"2018-01-22";"options";"27313"
"2018-01-23";"options";"27414"
"2018-01-25";"options";"27625"
"2018-01-26";"options";"27729"
"2018-01-27";"options";"27863"
"2018-01-28";"options";"27984"
"2018-01-29";"options";"28118"
"2018-01-30";"options";"28200"
"2018-01-31";"options";"28294"
"2018-02-01";"options";"28435"
"2018-02-02";"options";"28521"
"2018-02-03";"options";"28595"
"2018-02-04";"options";"28699"
"2018-02-05";"options";"28787"
"2018-02-06";"options";"28870"
"2018-02-07";"options";"29022"
"2018-02-08";"options";"29183"
"2018-02-09";"options";"29551"
"2018-02-10";"options";"29884"
"2018-02-11";"options";"30164"
"2018-02-12";"options";"30461"
"2018-02-13";"options";"30698"
"2018-02-14";"options";"30918"
"2018-02-15";"options";"31097"
"2018-02-16";"options";"31249"
"2018-02-17";"options";"31362"
"2018-02-18";"options";"31512"
"2018-02-19";"options";"31695"
"2018-02-20";"options";"31887"
"2018-02-21";"options";"32023"
"2018-02-22";"options";"32172"
"2018-02-23";"options";"32287"
"2018-03-04";"options";"33393"
"2018-03-05";"options";"33530"
"2019-01-15";"options";"82888"
"2019-01-18";"options";"83572"
"2019-06-13";"options";"115123"
"2019-07-12";"options";"118246"
"2019-07-13";"options";"118337"
"2019-07-14";"options";"118404"
"2019-07-15";"options";"118508"
"2019-07-16";"options";"118625"
"2019-07-17";"options";"118773"
"2019-07-18";"options";"118908"
"2019-07-19";"options";"119040"
"2019-07-20";"options";"119099"
"2019-07-21";"options";"119228"
"2019-07-22";"options";"119337"
"2019-07-23";"options";"119448"
"2019-07-24";"options";"119552"
"2019-07-25";"options";"119680"
"2019-07-26";"options";"119846"
"2019-07-27";"options";"120016"
"2019-07-28";"options";"120149"
"2019-07-29";"options";"120279"
"2019-07-30";"options";"120461"
"2019-07-31";"options";"120603"
"2019-08-01";"options";"120767"
"2019-08-02";"options";"120939"
"2019-08-03";"options";"121107"
"2019-08-04";"options";"121270"
"2019-08-05";"options";"121451"
"2019-08-06";"options";"121687"
"2019-08-07";"options";"121980"
"2019-08-08";"options";"122161"
"2019-08-09";"options";"122322"
"2019-08-10";"options";"122508"
"2019-08-11";"options";"122703"
"2019-08-12";"options";"122886"
"2019-08-13";"options";"123088"
"2019-08-14";"options";"123291"
"2019-08-15";"options";"123522"
"2019-08-16";"options";"123753"
"2019-08-17";"options";"123924"
"2019-08-18";"options";"124131"
"2019-08-19";"options";"124359"
"2019-08-20";"options";"124566"
"2019-08-21";"options";"124754"
"2019-08-22";"options";"124947"
"2019-08-23";"options";"125140"
"2019-08-24";"options";"125325"
"2019-08-25";"options";"125451"
"2019-08-26";"options";"125620"
"2019-08-27";"options";"125839"
"2019-08-28";"options";"126037"
"2019-08-29";"options";"126169"
"2019-08-30";"options";"126313"
"2019-09-01";"options";"126579"
"2019-09-02";"options";"126720"
"2019-09-03";"options";"126850"
"2019-09-04";"options";"126982"
"2019-09-05";"options";"127165"
"2019-09-06";"options";"127385"
"2019-09-07";"options";"127520"
"2019-09-08";"options";"127704"
"2019-09-09";"options";"127879"
"2019-09-10";"options";"128046"
"2019-09-11";"options";"128258"
"2019-09-12";"options";"128441"
"2019-09-13";"options";"128613"
"2019-09-14";"options";"128765"
"2019-09-15";"options";"128924"
"2019-09-16";"options";"129061"
"2019-09-17";"options";"129272"
"2019-09-18";"options";"129465"
"2019-09-19";"options";"129604"
"2019-09-20";"options";"129724"
"2019-09-21";"options";"129829"
"2019-09-22";"options";"129946"
"2019-09-23";"options";"130091"
"2019-09-24";"options";"130222"
"2019-09-25";"options";"130379"
"2019-09-26";"options";"130533"
"2019-09-27";"options";"130645"
"2019-09-28";"options";"130740"
"2019-09-29";"options";"130867"
"2019-09-30";"options";"130966"
"2019-10-01";"options";"131071"
"2019-10-02";"options";"131219"
"2019-10-03";"options";"131400"
"2019-10-04";"options";"131477"
"2019-10-05";"options";"131494"
"2019-10-06";"options";"131533"
"2019-10-07";"options";"131562"
"2019-10-08";"options";"131669"
"2019-10-09";"options";"131798"
"2019-10-10";"options";"132002"
"2019-10-11";"options";"132099"
"2019-10-12";"options";"132190"
"2019-10-13";"options";"132278"
"2019-10-14";"options";"132367"
"2019-10-15";"options";"132477"
"2019-10-16";"options";"132584"
"2019-10-17";"options";"132867"
"2019-10-18";"options";"133383"
"2019-10-19";"options";"133927"
"2019-10-20";"options";"134350"
"2019-10-21";"options";"134641"
"2019-10-22";"options";"134870"
"2019-10-23";"options";"135145"
"2019-10-24";"options";"135429"
"2019-10-25";"options";"135645"
"2019-10-26";"options";"135820"
"2019-10-27";"options";"135995"
"2019-10-28";"options";"136205"
"2019-10-29";"options";"136433"
"2019-10-30";"options";"136612"
"2019-10-31";"options";"136818"
"2019-11-01";"options";"136977"
"2019-11-02";"options";"137136"
"2019-11-03";"options";"137343"
"2019-11-04";"options";"137520"
"2019-11-05";"options";"137781"
"2019-11-06";"options";"138216"
"2019-11-07";"options";"138590"
"2019-11-08";"options";"138896"
"2019-11-09";"options";"139069"
"2019-11-10";"options";"139232"
"2019-11-11";"options";"139459"
"2019-11-12";"options";"139739"
"2019-11-13";"options";"139951"
"2019-11-14";"options";"140176"
"2019-11-15";"options";"140410"
"2019-11-16";"options";"140563"
"2019-11-17";"options";"140774"
"2019-11-18";"options";"141005"
"2019-11-19";"options";"141225"
"2019-11-20";"options";"141425"
"2019-11-21";"options";"141666"
"2019-11-22";"options";"141876"
"2019-11-23";"options";"142042"
"2019-11-24";"options";"142209"
"2019-11-25";"options";"142442"
"2019-11-26";"options";"142658"
"2019-11-27";"options";"142901"
"2019-11-28";"options";"143099"
"2019-11-29";"options";"143246"
"2019-11-30";"options";"143406"
"2019-12-01";"options";"143590"
"2019-12-02";"options";"143797"
"2019-12-03";"options";"144009"
"2019-12-04";"options";"144215"
"2019-12-05";"options";"144383"
"2019-12-06";"options";"144562"
"2019-12-07";"options";"144733"
"2019-12-08";"options";"144898"
"2019-12-09";"options";"145059"
"2019-12-10";"options";"145202"
"2019-12-11";"options";"145339"
"2019-12-12";"options";"145513"
"2019-12-13";"options";"145682"
"2019-12-14";"options";"145828"
"2019-12-15";"options";"145960"
"2019-12-16";"options";"145974"
"2019-12-17";"options";"146094"
"2019-12-18";"options";"146266"
"2019-12-19";"options";"146393"
"2019-12-20";"options";"146536"
"2019-12-21";"options";"146681"
"2019-12-22";"options";"147076"
"2019-12-23";"options";"147354"
"2019-12-24";"options";"147527"
"2019-12-25";"options";"147730"
"2019-12-26";"options";"147940"
"2019-12-27";"options";"148162"
"2019-12-28";"options";"148387"
"2019-12-29";"options";"148609"
"2019-12-30";"options";"148793"
"2019-12-31";"options";"148989"
"2020-01-01";"options";"149158"
"2020-01-02";"options";"149460"
"2020-01-03";"options";"149696"
"2020-01-04";"options";"149913"
"2020-01-05";"options";"150134"
"2020-01-06";"options";"150350"
"2020-01-07";"options";"150520"
"2020-01-08";"options";"150717"
"2020-01-09";"options";"150965"
"2020-01-10";"options";"151201"
"2020-01-11";"options";"151535"
"2020-01-12";"options";"151960"
"2020-01-13";"options";"152168"
"2020-01-14";"options";"152407"
"2020-01-15";"options";"152653"
"2020-01-16";"options";"152911"
"2020-01-17";"options";"153172"
"2020-01-18";"options";"153433"
"2020-01-19";"options";"153680"
"2020-01-20";"options";"153946"
"2020-01-21";"options";"154199"
"2020-01-22";"options";"154518"
"2020-01-23";"options";"154804"
"2020-01-24";"options";"155098"
"2020-01-25";"options";"155317"
"2020-01-26";"options";"155523"
"2020-01-27";"options";"155764"
"2020-01-28";"options";"156009"
"2020-01-29";"options";"156241"
"2020-01-30";"options";"156493"
"2020-01-31";"options";"156791"
"2020-02-01";"options";"157074"
"2020-02-02";"options";"157295"
"2020-02-03";"options";"157789"
"2020-02-04";"options";"158616"
"2020-02-05";"options";"159387"
"2020-02-06";"options";"160137"
"2020-02-07";"options";"160899"
"2020-02-08";"options";"161458"
"2020-02-09";"options";"161890"
"2020-02-10";"options";"162358"
"2020-02-11";"options";"162907"
"2020-02-12";"options";"163406"
"2020-02-13";"options";"164045"
"2020-02-14";"options";"164545"
"2020-02-15";"options";"165029"
"2020-02-16";"options";"165438"
"2020-02-17";"options";"165812"
"2020-02-18";"options";"166138"
"2020-02-19";"options";"166559"
"2020-02-20";"options";"167442"
"2020-02-21";"options";"167824"
"2020-02-22";"options";"168391"
"2020-02-23";"options";"168992"
"2020-02-24";"options";"169523"
"2020-02-25";"options";"170202"
"2020-02-26";"options";"171765"
"2020-02-27";"options";"172962"
"2020-02-28";"options";"174021"
"2020-02-29";"options";"174808"
"2020-03-01";"options";"175373"
"2020-03-02";"options";"176442"
"2020-03-03";"options";"177392"
"2020-03-04";"options";"178263"
"2020-03-05";"options";"179034"
"2020-03-06";"options";"179829"
"2020-03-07";"options";"180547"
"2020-03-08";"options";"181053"
"2020-03-09";"options";"182033"
"2020-03-10";"options";"183070"
"2020-03-11";"options";"183981"
"2020-03-12";"options";"185041"
"2020-03-13";"options";"186451"
"2020-03-14";"options";"187402"
"2020-03-15";"options";"189540"
"2020-03-16";"options";"192425"
"2020-03-17";"options";"194610"
"2020-03-18";"options";"196181"
"2020-03-19";"options";"197769"
"2020-03-20";"options";"199031"
"2020-03-21";"options";"200182"
"2020-03-22";"options";"201243"
"2020-03-23";"options";"202362"
"2020-03-24";"options";"203591"
"2020-03-25";"options";"204786"
"2020-03-26";"options";"205921"
"2020-03-27";"options";"207311"
"2020-03-28";"options";"208633"
"2020-03-29";"options";"210205"
"2020-03-30";"options";"211498"
"2020-03-31";"options";"212510"
"2020-04-01";"options";"213499"
"2020-04-02";"options";"214570"
"2020-04-03";"options";"215385"
"2020-04-04";"options";"216137"
"2020-04-05";"options";"216925"
"2020-04-06";"options";"217675"
"2020-04-07";"options";"218488"
"2020-04-08";"options";"220993"
"2020-04-09";"options";"221841"
"2020-04-10";"options";"222699"
"2020-04-11";"options";"223656"
"2020-04-12";"options";"224676"
"2020-04-13";"options";"225869"
"2020-04-14";"options";"226922"
"2020-04-15";"options";"228043"
"2020-04-16";"options";"229110"
"2020-04-17";"options";"230225"
"2020-04-18";"options";"231403"
"2020-04-19";"options";"232463"
"2020-04-20";"options";"233708"
"2020-04-21";"options";"234992"
"2020-04-22";"options";"236072"
"2020-04-23";"options";"237393"
"2020-04-24";"options";"238501"
"2020-04-25";"options";"239496"
"2020-04-26";"options";"240399"
"2020-04-27";"options";"241398"
"2020-04-28";"options";"242359"
"2020-04-29";"options";"243358"
"2020-04-30";"options";"244479"
"2020-05-01";"options";"245326"
"2020-05-02";"options";"246065"
"2020-05-03";"options";"246752"
"2020-05-04";"options";"247446"
"2020-05-05";"options";"248307"
"2020-05-06";"options";"249184"
"2020-05-07";"options";"250076"
"2020-05-08";"options";"251010"
"2020-05-09";"options";"251855"
"2020-05-10";"options";"252584"
"2020-05-11";"options";"253357"
"2020-05-12";"options";"254034"
"2020-05-13";"options";"254831"
"2020-05-14";"options";"255536"
"2020-05-15";"options";"256180"
"2020-05-16";"options";"256803"
"2020-05-17";"options";"257410"
"2020-05-18";"options";"257945"
"2020-05-19";"options";"258714"
"2020-05-20";"options";"259316"
"2020-05-21";"options";"259861"
"2020-05-22";"options";"260480"
"2020-05-23";"options";"260920"
"2020-05-24";"options";"261368"
"2020-05-25";"options";"261794"
"2020-05-26";"options";"262362"
"2020-05-27";"options";"263059"
"2020-05-28";"options";"263607"
"2020-05-29";"options";"264149"
"2020-05-30";"options";"264549"
"2020-05-31";"options";"264929"
"2020-06-01";"options";"265447"
"2020-06-02";"options";"266118"
"2020-06-03";"options";"266489"
"2020-06-04";"options";"267238"
"2020-06-05";"options";"268376"
"2020-06-06";"options";"269076"
"2020-06-07";"options";"269902"
"2020-06-08";"options";"270796"
"2020-06-09";"options";"271733"
"2020-06-10";"options";"272784"
"2020-06-11";"options";"273896"
"2020-06-12";"options";"275127"
"2020-06-13";"options";"275973"
"2020-06-14";"options";"276796"
"2020-06-15";"options";"277595"
"2020-06-16";"options";"278410"
"2020-06-17";"options";"279146"
"2020-06-18";"options";"279823"
"2020-06-19";"options";"280487"
"2020-06-20";"options";"281069"
"2020-06-21";"options";"281635"
"2020-06-22";"options";"282348"
"2020-06-23";"options";"283009"
"2020-06-24";"options";"283550"
"2020-06-25";"options";"284045"
"2020-06-26";"options";"284499"
"2020-06-27";"options";"284989"
"2020-06-28";"options";"285471"
"2020-06-29";"options";"285952"
"2020-06-30";"options";"286488"
"2020-07-01";"options";"287076"
"2020-07-02";"options";"287538"
"2020-07-03";"options";"288010"
"2020-07-04";"options";"288389"
"2020-07-05";"options";"288849"
"2020-07-06";"options";"289431"
"2020-07-07";"options";"289994"
"2020-07-08";"options";"290862"
"2020-07-09";"options";"291647"
"2020-07-10";"options";"292321"
"2020-07-11";"options";"293069"
"2020-07-12";"options";"293818"
"2020-07-14";"options";"294669"
"2020-07-15";"options";"296237"
"2020-07-16";"options";"296734"
"2020-07-17";"options";"297361"
"2020-07-18";"options";"297898"
"2020-07-19";"options";"298653"
"2020-07-20";"options";"299274"
"2020-07-21";"options";"299943"
"2020-07-22";"options";"300966"
"2020-07-23";"options";"301601"
"2020-07-24";"options";"302106"
"2020-07-25";"options";"302688"
"2020-07-26";"options";"303381"
"2020-07-27";"options";"304028"
"2020-07-28";"options";"304596"
"2020-07-29";"options";"305304"
"2020-07-30";"options";"305979"
"2020-07-31";"options";"306502"
"2020-08-01";"options";"307036"
"2020-08-02";"options";"307747"
"2020-08-03";"options";"308447"
"2020-08-04";"options";"309055"
"2020-08-05";"options";"309853"
"2020-08-06";"options";"310645"
"2020-08-07";"options";"311217"
"2020-08-08";"options";"311793"
"2020-08-09";"options";"312373"
"2020-08-10";"options";"312965"
"2020-08-11";"options";"313432"
"2020-08-12";"options";"313942"
"2020-08-13";"options";"314472"
"2020-08-14";"options";"314943"
"2020-08-15";"options";"315417"
"2020-08-16";"options";"315879"
"2020-08-17";"options";"316418"
"2020-09-03";"options";"327357"
"2020-09-04";"options";"328009"
"2020-09-05";"options";"328761"
"2020-09-06";"options";"329337"
"2020-09-07";"options";"330009"
"2020-09-08";"options";"330796"
"2020-09-09";"options";"331430"
"2020-09-10";"options";"332104"
"2020-09-11";"options";"332668"
"2020-09-12";"options";"333212"
"2020-09-13";"options";"333634"
"2020-09-14";"options";"334107"
"2020-09-15";"options";"334719"
"2020-09-16";"options";"335535"
"2020-09-17";"options";"336181"
"2020-09-18";"options";"336718"
"2020-09-19";"options";"337217"
"2020-09-20";"options";"337650"
"2020-09-21";"options";"338201"
"2020-09-22";"options";"338705"
"2020-09-23";"options";"339123"
"2020-09-24";"options";"339646"
"2020-09-25";"options";"340093"
"2020-09-26";"options";"340510"
"2020-09-27";"options";"340856"
"2020-09-28";"options";"341223"
"2020-09-29";"options";"341618"
"2020-09-30";"options";"342024"
"2020-10-01";"options";"342405"
"2020-10-02";"options";"342803"
"2020-10-03";"options";"343111"
"2020-10-04";"options";"343416"
"2020-10-05";"options";"343753"
"2020-10-06";"options";"344118"
"2020-10-07";"options";"344457"
"2020-10-08";"options";"344742"
"2020-10-09";"options";"345138"
"2020-10-10";"options";"345498"
"2020-10-11";"options";"345849"
"2020-10-12";"options";"346269"
"2020-10-13";"options";"346726"
"2020-10-14";"options";"347138"
"2020-10-15";"options";"347589"
"2020-10-16";"options";"348098"
"2020-10-17";"options";"348540"
"2020-10-18";"options";"348944"
"2020-10-19";"options";"349378"
"2020-10-20";"options";"349749"
"2020-10-21";"options";"350162"
"2020-10-22";"options";"350627"
"2020-10-23";"options";"350960"
"2020-10-24";"options";"351290"
"2020-10-25";"options";"351637"
"2020-10-26";"options";"351937"
"2020-10-27";"options";"352274"
"2020-10-28";"options";"352554"
"2020-10-29";"options";"352891"
"2020-10-30";"options";"353192"
"2020-10-31";"options";"353450"
"2020-11-01";"options";"353719"
"2020-11-02";"options";"354035"
"2020-11-03";"options";"354288"
"2020-11-04";"options";"354516"
"2020-11-05";"options";"354727"
"2020-11-06";"options";"354978"
"2020-11-07";"options";"355215"
"2020-11-08";"options";"355471"
"2020-11-09";"options";"355810"
"2020-11-10";"options";"356244"
"2020-11-11";"options";"356674"
"2020-11-12";"options";"357094"
"2020-11-13";"options";"357418"
"2020-11-14";"options";"357682"
"2020-11-15";"options";"357968"
"2020-11-16";"options";"358296"
"2020-11-17";"options";"358748"
"2020-11-18";"options";"359197"
"2020-11-19";"options";"359663"
"2020-11-20";"options";"360041"
"2020-11-21";"options";"360430"
"2020-11-22";"options";"360837"
"2020-11-23";"options";"361329"
"2020-11-24";"options";"361893"
"2020-11-25";"options";"362553"
"2020-11-26";"options";"363499"
"2020-11-27";"options";"364479"
"2020-11-28";"options";"365361"
"2020-11-29";"options";"366109"
"2020-11-30";"options";"367032"
"2020-12-01";"options";"367937"
"2020-12-02";"options";"368926"
"2020-12-03";"options";"369849"
"2020-12-04";"options";"370650"
"2020-12-05";"options";"371332"
"2020-12-06";"options";"372188"
"2020-12-07";"options";"373078"
"2020-12-08";"options";"374028"
"2020-12-09";"options";"375174"
"2020-12-10";"options";"376175"
"2020-12-11";"options";"377000"
"2020-12-12";"options";"377768"
"2020-12-13";"options";"378396"
"2020-12-14";"options";"379065"
"2020-12-15";"options";"379723"
"2020-12-16";"options";"380467"
"2020-12-17";"options";"381262"
"2020-12-18";"options";"381966"
"2020-12-19";"options";"382585"
"2020-12-20";"options";"383244"
"2020-12-21";"options";"383862"
"2020-12-22";"options";"384578"
"2020-12-23";"options";"385460"
"2020-12-24";"options";"386253"
"2020-12-25";"options";"387098"
"2020-12-26";"options";"387721"
"2020-12-27";"options";"388347"
"2020-12-28";"options";"389057"
"2020-12-29";"options";"389846"
"2020-12-30";"options";"390538"
"2020-12-31";"options";"391322"
"2021-01-01";"options";"391923"
"2021-01-02";"options";"392582"
"2021-01-03";"options";"393305"
"2021-01-04";"options";"394072"
"2021-01-05";"options";"394836"
"2021-01-06";"options";"395569"
"2021-01-07";"options";"396202"
"2021-01-08";"options";"396978"
"2021-01-09";"options";"397850"
"2021-01-10";"options";"399147"
"2021-01-11";"options";"400564"
"2021-01-12";"options";"401574"
"2021-01-13";"options";"402569"
"2021-01-14";"options";"404020"
"2021-01-15";"options";"406016"
"2021-01-16";"options";"407761"
"2021-01-17";"options";"409021"
"2021-01-18";"options";"410488"
"2021-01-19";"options";"411374"
"2021-01-20";"options";"412819"
"2021-01-21";"options";"414107"
"2021-01-22";"options";"415709"
"2021-01-23";"options";"419086"
"2021-01-24";"options";"423221"
"2021-01-25";"options";"427413"
"2021-01-26";"options";"439890"
"2021-01-27";"options";"462767"
"2021-01-28";"options";"529781"
"2021-01-29";"options";"597031"
"2021-01-30";"options";"625972"
"2021-01-31";"options";"633728"
"2021-02-01";"options";"641236"
